{
  "animation_type": "grid_expansion",
  "filename": "grid_expansion_new_york.gif",
  "frame_count": 6,
  "frame_generation_time": 2.412127733230591,
  "normalization_time": 0.7548561096191406,
  "gif_creation_time": 0.553612232208252,
  "total_time": 3.7211263179779053,
  "file_size_mb": 0.2793560028076172,
  "is_long_distance": false,
  "timestamp": "2025-08-03T14:48:04.417291"
}