{
  "animation_type": "grid_expansion",
  "filename": "grid_expansion_los_angeles.gif",
  "frame_count": 6,
  "frame_generation_time": 0.9060447216033936,
  "normalization_time": 0.3736863136291504,
  "gif_creation_time": 0.22564005851745605,
  "total_time": 1.5056965351104736,
  "file_size_mb": 0.25705528259277344,
  "is_long_distance": false,
  "timestamp": "2025-08-04T09:54:13.190352"
}