{
  "animation_type": "grid_expansion",
  "filename": "grid_expansion_new_york.gif",
  "frame_count": 6,
  "frame_generation_time": 0.8350889682769775,
  "normalization_time": 0.34419846534729004,
  "gif_creation_time": 0.2537696361541748,
  "total_time": 1.4332070350646973,
  "file_size_mb": 0.2793560028076172,
  "is_long_distance": false,
  "timestamp": "2025-08-04T09:54:27.725382"
}