{
  "animation_type": "grid_expansion",
  "filename": "grid_expansion_new_york.gif",
  "frame_count": 6,
  "frame_generation_time": 1.1729846000671387,
  "normalization_time": 0.43132638931274414,
  "gif_creation_time": 0.3604729175567627,
  "total_time": 1.9648997783660889,
  "file_size_mb": 0.2793560028076172,
  "is_long_distance": false,
  "timestamp": "2025-08-03T14:53:06.661378"
}