{
  "animation_type": "grid_expansion",
  "filename": "grid_expansion_miami.gif",
  "frame_count": 6,
  "frame_generation_time": 0.8821401596069336,
  "normalization_time": 0.2860093116760254,
  "gif_creation_time": 0.21966099739074707,
  "total_time": 1.3878819942474365,
  "file_size_mb": 0.23827171325683594,
  "is_long_distance": false,
  "timestamp": "2025-08-04T09:53:50.791207"
}