{
  "animation_type": "grid_expansion",
  "filename": "grid_expansion_san_francisco.gif",
  "frame_count": 6,
  "frame_generation_time": 1.081829309463501,
  "normalization_time": 0.45975184440612793,
  "gif_creation_time": 0.2393782138824463,
  "total_time": 1.7810378074645996,
  "file_size_mb": 0.23865222930908203,
  "is_long_distance": false,
  "timestamp": "2025-08-03T14:47:10.720117"
}