{
  "animation_type": "grid_expansion",
  "filename": "grid_expansion_chicago.gif",
  "frame_count": 6,
  "frame_generation_time": 0.9617733955383301,
  "normalization_time": 0.3653686046600342,
  "gif_creation_time": 0.2528831958770752,
  "total_time": 1.5801708698272705,
  "file_size_mb": 0.2459716796875,
  "is_long_distance": false,
  "timestamp": "2025-08-04T09:53:36.145470"
}