{
  "animation_type": "grid_expansion",
  "filename": "grid_expansion_chicago.gif",
  "frame_count": 6,
  "frame_generation_time": 1.0841937065124512,
  "normalization_time": 0.43843674659729004,
  "gif_creation_time": 0.2972116470336914,
  "total_time": 1.8201324939727783,
  "file_size_mb": 0.2459716796875,
  "is_long_distance": false,
  "timestamp": "2025-08-03T14:51:48.168214"
}