{
  "animation_type": "grid_expansion",
  "filename": "grid_expansion_san_francisco.gif",
  "frame_count": 6,
  "frame_generation_time": 0.9019725322723389,
  "normalization_time": 0.36934971809387207,
  "gif_creation_time": 0.2311255931854248,
  "total_time": 1.5026905536651611,
  "file_size_mb": 0.23865222930908203,
  "is_long_distance": false,
  "timestamp": "2025-08-04T09:53:53.664445"
}