{
  "animation_type": "hierarchy",
  "filename": "hierarchy_miami.gif",
  "frame_count": 6,
  "frame_generation_time": 1.7299325466156006,
  "normalization_time": 0.4231083393096924,
  "gif_creation_time": 0.48680734634399414,
  "total_time": 2.6403141021728516,
  "file_size_mb": 0.17231464385986328,
  "is_long_distance": false,
  "timestamp": "2025-08-03T14:46:16.866749"
}