{
  "animation_type": "hierarchy",
  "filename": "hierarchy_new_york.gif",
  "frame_count": 6,
  "frame_generation_time": 0.9834945201873779,
  "normalization_time": 0.28145289421081543,
  "gif_creation_time": 0.25999951362609863,
  "total_time": 1.525059461593628,
  "file_size_mb": 0.18183422088623047,
  "is_long_distance": false,
  "timestamp": "2025-08-04T09:53:56.847942"
}