{
  "animation_type": "hierarchy",
  "filename": "hierarchy_miami.gif",
  "frame_count": 6,
  "frame_generation_time": 0.8282418251037598,
  "normalization_time": 0.2230081558227539,
  "gif_creation_time": 0.21171832084655762,
  "total_time": 1.2630431652069092,
  "file_size_mb": 0.17231464385986328,
  "is_long_distance": false,
  "timestamp": "2025-08-04T09:53:21.934070"
}