{
  "animation_type": "hierarchy",
  "filename": "hierarchy_san_francisco.gif",
  "frame_count": 6,
  "frame_generation_time": 1.8508002758026123,
  "normalization_time": 0.28708934783935547,
  "gif_creation_time": 0.3769662380218506,
  "total_time": 2.515052318572998,
  "file_size_mb": 0.15708541870117188,
  "is_long_distance": false,
  "timestamp": "2025-08-03T14:52:11.142053"
}