{
  "animation_type": "hierarchy",
  "filename": "hierarchy_chicago.gif",
  "frame_count": 6,
  "frame_generation_time": 1.7107956409454346,
  "normalization_time": 0.41041111946105957,
  "gif_creation_time": 0.45333361625671387,
  "total_time": 2.574958562850952,
  "file_size_mb": 0.17335796356201172,
  "is_long_distance": false,
  "timestamp": "2025-08-03T14:46:11.632527"
}