{
  "animation_type": "hierarchy",
  "filename": "hierarchy_san_francisco.gif",
  "frame_count": 6,
  "frame_generation_time": 0.937441349029541,
  "normalization_time": 0.19970297813415527,
  "gif_creation_time": 0.228257417678833,
  "total_time": 1.3655791282653809,
  "file_size_mb": 0.15708541870117188,
  "is_long_distance": false,
  "timestamp": "2025-08-04T09:53:52.158335"
}