{
  "animation_type": "hierarchy",
  "filename": "hierarchy_new_york.gif",
  "frame_count": 6,
  "frame_generation_time": 1.955169916152954,
  "normalization_time": 0.39496755599975586,
  "gif_creation_time": 0.43007493019104004,
  "total_time": 2.780369520187378,
  "file_size_mb": 0.18183422088623047,
  "is_long_distance": false,
  "timestamp": "2025-08-03T14:52:19.697122"
}