{
  "animation_type": "hierarchy",
  "filename": "hierarchy_chicago.gif",
  "frame_count": 6,
  "frame_generation_time": 1.6842210292816162,
  "normalization_time": 0.506399393081665,
  "gif_creation_time": 0.5210404396057129,
  "total_time": 2.711829900741577,
  "file_size_mb": 0.17335796356201172,
  "is_long_distance": false,
  "timestamp": "2025-08-03T14:51:24.743446"
}