{
  "animation_type": "hierarchy",
  "filename": "hierarchy_los_angeles.gif",
  "frame_count": 6,
  "frame_generation_time": 0.9385251998901367,
  "normalization_time": 0.2749300003051758,
  "gif_creation_time": 0.23427438735961914,
  "total_time": 1.4479970932006836,
  "file_size_mb": 0.1569385528564453,
  "is_long_distance": false,
  "timestamp": "2025-08-04T09:53:40.321423"
}