{
  "animation_type": "hierarchy",
  "filename": "hierarchy_miami.gif",
  "frame_count": 6,
  "frame_generation_time": 1.4955856800079346,
  "normalization_time": 0.3702552318572998,
  "gif_creation_time": 0.4778566360473633,
  "total_time": 2.343810796737671,
  "file_size_mb": 0.17231464385986328,
  "is_long_distance": false,
  "timestamp": "2025-08-03T14:51:30.011304"
}