{
  "animation_type": "hierarchy",
  "filename": "hierarchy_new_york.gif",
  "frame_count": 6,
  "frame_generation_time": 1.3266384601593018,
  "normalization_time": 0.33919191360473633,
  "gif_creation_time": 0.36845827102661133,
  "total_time": 2.034588098526001,
  "file_size_mb": 0.18183422088623047,
  "is_long_distance": false,
  "timestamp": "2025-08-03T14:47:14.817475"
}