{
  "animation_type": "hierarchy",
  "filename": "hierarchy_san_francisco.gif",
  "frame_count": 6,
  "frame_generation_time": 1.2210850715637207,
  "normalization_time": 0.2252964973449707,
  "gif_creation_time": 0.31380248069763184,
  "total_time": 1.7604494094848633,
  "file_size_mb": 0.15708541870117188,
  "is_long_distance": false,
  "timestamp": "2025-08-03T14:47:08.937362"
}