{
  "animation_type": "path_finding",
  "filename": "path_chicago_to_miami.gif",
  "frame_count": 52,
  "frame_generation_time": 8.812946557998657,
  "normalization_time": 4.252304792404175,
  "gif_creation_time": 2.7687742710113525,
  "total_time": 15.834492921829224,
  "file_size_mb": 1.7878141403198242,
  "is_long_distance": false,
  "timestamp": "2025-08-03T14:47:33.716211"
}