{
  "animation_type": "path_finding",
  "filename": "path_miami_to_san_francisco.gif",
  "frame_count": 7,
  "frame_generation_time": 0.9366283416748047,
  "normalization_time": 0.24396133422851562,
  "gif_creation_time": 0.26760244369506836,
  "total_time": 1.448300838470459,
  "file_size_mb": 0.1985330581665039,
  "is_long_distance": false,
  "timestamp": "2025-08-04T09:53:20.669867"
}