{
  "animation_type": "path_finding",
  "filename": "path_miami_to_san_francisco.gif",
  "frame_count": 7,
  "frame_generation_time": 1.8521265983581543,
  "normalization_time": 0.2882041931152344,
  "gif_creation_time": 0.44359755516052246,
  "total_time": 2.58402419090271,
  "file_size_mb": 0.1985330581665039,
  "is_long_distance": false,
  "timestamp": "2025-08-03T14:46:14.219361"
}