{
  "animation_type": "path_finding",
  "filename": "path_miami_to_san_francisco.gif",
  "frame_count": 7,
  "frame_generation_time": 2.12479567527771,
  "normalization_time": 0.353626012802124,
  "gif_creation_time": 0.43647027015686035,
  "total_time": 2.915076732635498,
  "file_size_mb": 0.1985330581665039,
  "is_long_distance": false,
  "timestamp": "2025-08-03T14:51:27.664221"
}