{
  "animation_type": "resolution_transition",
  "filename": "resolution_animation_new_york.gif",
  "frame_count": 8,
  "frame_generation_time": 2.3516762256622314,
  "normalization_time": 0.86171555519104,
  "gif_creation_time": 0.7051172256469727,
  "total_time": 3.9188785552978516,
  "file_size_mb": 0.23979759216308594,
  "is_long_distance": false,
  "timestamp": "2025-08-03T14:46:54.678936"
}