{
  "animation_type": "resolution_transition",
  "filename": "resolution_animation_los_angeles.gif",
  "frame_count": 8,
  "frame_generation_time": 1.0438687801361084,
  "normalization_time": 0.49492573738098145,
  "gif_creation_time": 0.34761476516723633,
  "total_time": 1.8865070343017578,
  "file_size_mb": 0.23604297637939453,
  "is_long_distance": false,
  "timestamp": "2025-08-04T09:53:58.735721"
}