{
  "animation_type": "resolution_transition",
  "filename": "resolution_animation_miami.gif",
  "frame_count": 8,
  "frame_generation_time": 1.0411579608917236,
  "normalization_time": 0.3715221881866455,
  "gif_creation_time": 0.29366064071655273,
  "total_time": 1.7064120769500732,
  "file_size_mb": 0.2285327911376953,
  "is_long_distance": false,
  "timestamp": "2025-08-04T09:53:49.402364"
}