{
  "animation_type": "resolution_transition",
  "filename": "resolution_animation_new_york.gif",
  "frame_count": 8,
  "frame_generation_time": 1.2618052959442139,
  "normalization_time": 0.5364251136779785,
  "gif_creation_time": 0.3970215320587158,
  "total_time": 2.19545578956604,
  "file_size_mb": 0.23979759216308594,
  "is_long_distance": false,
  "timestamp": "2025-08-03T14:51:55.627435"
}