{
  "animation_type": "resolution_transition",
  "filename": "resolution_animation_los_angeles.gif",
  "frame_count": 8,
  "frame_generation_time": 1.8590707778930664,
  "normalization_time": 0.6838514804840088,
  "gif_creation_time": 0.5163736343383789,
  "total_time": 3.0594353675842285,
  "file_size_mb": 0.23604297637939453,
  "is_long_distance": false,
  "timestamp": "2025-08-03T14:47:17.878187"
}