{
  "animation_type": "resolution_transition",
  "filename": "resolution_animation_san_francisco.gif",
  "frame_count": 8,
  "frame_generation_time": 1.065195083618164,
  "normalization_time": 0.3156552314758301,
  "gif_creation_time": 0.3031432628631592,
  "total_time": 1.6840660572052002,
  "file_size_mb": 0.20987319946289062,
  "is_long_distance": false,
  "timestamp": "2025-08-04T09:53:43.783831"
}