{
  "animation_type": "resolution_transition",
  "filename": "resolution_animation_miami.gif",
  "frame_count": 8,
  "frame_generation_time": 2.1382415294647217,
  "normalization_time": 0.5340075492858887,
  "gif_creation_time": 0.4828791618347168,
  "total_time": 3.155294418334961,
  "file_size_mb": 0.2285327911376953,
  "is_long_distance": false,
  "timestamp": "2025-08-03T14:52:06.049808"
}