{
  "animation_type": "resolution_transition",
  "filename": "resolution_animation_san_francisco.gif",
  "frame_count": 8,
  "frame_generation_time": 1.25181245803833,
  "normalization_time": 0.3597452640533447,
  "gif_creation_time": 0.3907601833343506,
  "total_time": 2.002392292022705,
  "file_size_mb": 0.20987319946289062,
  "is_long_distance": false,
  "timestamp": "2025-08-03T14:51:57.630540"
}