{
  "animation_type": "resolution_transition",
  "filename": "resolution_animation_los_angeles.gif",
  "frame_count": 8,
  "frame_generation_time": 1.8532860279083252,
  "normalization_time": 0.6208817958831787,
  "gif_creation_time": 0.49631357192993164,
  "total_time": 2.9705748558044434,
  "file_size_mb": 0.23604297637939453,
  "is_long_distance": false,
  "timestamp": "2025-08-03T14:52:22.669067"
}