{
  "animation_type": "resolution_transition",
  "filename": "resolution_animation_miami.gif",
  "frame_count": 8,
  "frame_generation_time": 1.1631224155426025,
  "normalization_time": 0.4318959712982178,
  "gif_creation_time": 0.3054366111755371,
  "total_time": 1.900571584701538,
  "file_size_mb": 0.2285327911376953,
  "is_long_distance": false,
  "timestamp": "2025-08-03T14:47:05.562669"
}