{
  "animation_type": "resolution_transition",
  "filename": "resolution_animation_san_francisco.gif",
  "frame_count": 8,
  "frame_generation_time": 2.0872280597686768,
  "normalization_time": 0.4687497615814209,
  "gif_creation_time": 0.5368297100067139,
  "total_time": 3.0929806232452393,
  "file_size_mb": 0.20987319946289062,
  "is_long_distance": false,
  "timestamp": "2025-08-03T14:46:57.774932"
}