{
  "animation_type": "resolution_transition",
  "filename": "resolution_animation_new_york.gif",
  "frame_count": 8,
  "frame_generation_time": 1.0050373077392578,
  "normalization_time": 0.43643832206726074,
  "gif_creation_time": 0.33472275733947754,
  "total_time": 1.776355266571045,
  "file_size_mb": 0.23979759216308594,
  "is_long_distance": false,
  "timestamp": "2025-08-04T09:53:42.099110"
}