{
  "animation_type": "resolution_transition",
  "filename": "resolution_animation_chicago.gif",
  "frame_count": 8,
  "frame_generation_time": 1.2462902069091797,
  "normalization_time": 0.3954784870147705,
  "gif_creation_time": 0.41576194763183594,
  "total_time": 2.0576059818267822,
  "file_size_mb": 0.21266937255859375,
  "is_long_distance": false,
  "timestamp": "2025-08-03T14:47:12.778620"
}