{
  "animation_type": "spatial_distribution",
  "filename": "spatial_distribution_spiral.gif",
  "frame_count": 9,
  "frame_generation_time": 2.788081645965576,
  "normalization_time": 0.744835376739502,
  "gif_creation_time": 0.3707151412963867,
  "total_time": 3.9037768840789795,
  "file_size_mb": 0.4731311798095703,
  "is_long_distance": false,
  "timestamp": "2025-08-04T09:53:47.694341"
}