{
  "animation_type": "spatial_distribution",
  "filename": "spatial_distribution_grid.gif",
  "frame_count": 3,
  "frame_generation_time": 1.0638070106506348,
  "normalization_time": 0.29286766052246094,
  "gif_creation_time": 0.22858333587646484,
  "total_time": 1.5862414836883545,
  "file_size_mb": 0.10863399505615234,
  "is_long_distance": false,
  "timestamp": "2025-08-03T14:51:22.030081"
}