{
  "animation_type": "spatial_distribution",
  "filename": "spatial_distribution_random.gif",
  "frame_count": 11,
  "frame_generation_time": 1.536393404006958,
  "normalization_time": 0.7081396579742432,
  "gif_creation_time": 0.4772319793701172,
  "total_time": 2.721841335296631,
  "file_size_mb": 0.4288606643676758,
  "is_long_distance": false,
  "timestamp": "2025-08-04T09:53:38.868564"
}