{
  "animation_type": "spatial_distribution",
  "filename": "spatial_distribution_grid.gif",
  "frame_count": 3,
  "frame_generation_time": 0.47313761711120605,
  "normalization_time": 0.14807701110839844,
  "gif_creation_time": 0.12641525268554688,
  "total_time": 0.7478485107421875,
  "file_size_mb": 0.10863399505615234,
  "is_long_distance": false,
  "timestamp": "2025-08-04T09:53:17.859231"
}