{
  "policy_dynamics": {
    "policy_entropy": {
      "mean": 1.5938219157068676,
      "trend": 0.0008468420460446899
    },
    "policy_stability": 0.11113765201109933,
    "selected_policies": [
      0,
      2,
      1,
      2,
      4,
      2,
      3,
      4,
      2,
      4,
      2,
      1,
      2,
      4,
      1,
      1,
      0,
      1,
      2,
      4
    ],
    "policy_distribution": [
      0.19899675553917145,
      0.19931468453413054,
      0.19686633282800822,
      0.2046718177852799,
      0.20015040931340983
    ]
  },
  "action_consistency": {
    "consistency_score": 0.09999999999999998,
    "num_action_changes": 18,
    "action_diversity": 5
  },
  "exploration_exploitation": {
    "exploration_scores": {
      "mean": 0.9902972356954015,
      "std": 0.007208950478616896,
      "trend": 0.000526172547261505
    },
    "exploration_pattern": "stable"
  },
  "policy_convergence": {
    "is_converging": true,
    "convergence_rate": 7.857413407950654e-05,
    "final_variance": 0.000631369109996585,
    "convergence_quality": "weak"
  },
  "decision_quality": {
    "overall_quality_score": 0.05970276430459848,
    "quality_rating": "Poor",
    "components": {
      "consistency": 0.09999999999999998,
      "exploration_balance": 0.019405528609196976,
      "free_energy_reduction": -0.8228326179367466
    }
  }
}