{
  "belief_dynamics": {
    "belief_change_magnitude": {
      "mean": 0.03738405530217584,
      "std": 0.02278427098938923,
      "max": 0.08889590306658376
    },
    "entropy_dynamics": {
      "initial": 1.3660918326094702,
      "final": 0.5986205643125613,
      "mean": 0.9814472553455061,
      "trend": -0.04461341722051467
    },
    "stability_by_state": [
      0.0024890678203732587,
      0.004444946414529992,
      0.014727173481946793,
      0.017896627107624404
    ],
    "state_switches": 1,
    "switch_rate": 0.05
  },
  "observation_response": {
    "responsiveness": {
      "mean": 0.0,
      "std": 0.0,
      "distribution": []
    },
    "correlation_analysis": {
      "state_0_obs_0": 0.0,
      "state_0_obs_1": 0.0,
      "state_0_obs_2": 0.0,
      "state_0_obs_3": 0.0,
      "state_1_obs_0": 0.0,
      "state_1_obs_1": 0.0,
      "state_1_obs_2": 0.0,
      "state_1_obs_3": 0.0,
      "state_2_obs_0": 0.0,
      "state_2_obs_1": 0.0,
      "state_2_obs_2": 0.0,
      "state_2_obs_3": 0.0,
      "state_3_obs_0": 0.0,
      "state_3_obs_1": 0.0,
      "state_3_obs_2": 0.0,
      "state_3_obs_3": 0.0
    }
  },
  "perception_quality": {
    "is_flat": false,
    "randomness_score": 0.0006307300136189076,
    "structure_score": 0.2313643301675445,
    "quality_rating": "Fair - Limited Structure"
  },
  "pattern_detection": {
    "oscillations": {
      "state_0": {
        "num_peaks": 1,
        "num_valleys": 0,
        "estimated_frequency": 0.0,
        "amplitude": 0.03911988467717401
      },
      "state_1": {
        "num_peaks": 0,
        "num_valleys": 0,
        "estimated_frequency": 0.0,
        "amplitude": 0.057091282684677114
      },
      "state_2": {
        "num_peaks": 0,
        "num_valleys": 0,
        "estimated_frequency": 0.0,
        "amplitude": 0.08335851038123293
      },
      "state_3": {
        "num_peaks": 0,
        "num_valleys": 0,
        "estimated_frequency": 0.0,
        "amplitude": 0.17699753006753494
      }
    },
    "convergence": {
      "state_0": {
        "is_converging": true,
        "convergence_rate": 5.077291145308478e-06,
        "final_variance": 6.713507812797887e-05
      },
      "state_1": {
        "is_converging": true,
        "convergence_rate": 5.4939131730811017e-05,
        "final_variance": 5.8299829720070365e-05
      },
      "state_2": {
        "is_converging": true,
        "convergence_rate": 0.00023280472194435776,
        "final_variance": 3.567306608020688e-05
      },
      "state_3": {
        "is_converging": true,
        "convergence_rate": 0.0006427661647891369,
        "final_variance": 0.000475212474434385
      }
    },
    "phase_transitions": {
      "num_transitions": 1,
      "transitions": [
        {
          "timestep": 1,
          "from_state": 2,
          "to_state": 3,
          "strength": 0.011925922568931546
        }
      ],
      "transition_rate": 0.05
    }
  },
  "surprise_analysis": {
    "surprise_statistics": {
      "mean": 1.3862943211198915,
      "std": 4.965068306494546e-17,
      "min": 1.3862943211198915,
      "max": 1.3862943211198917
    },
    "surprise_trend": -2.3439516489660386e-17,
    "high_surprise_events": 1
  }
}