{
  "title": "Visualization Report",
  "total_cells": 19,
  "visualizations": {
    "cell_map": {
      "title": "H3 Cell Map",
      "cell_count": 19,
      "resolutions": [
        9
      ],
      "total_area_km2": 2.078646977131209,
      "cell_data": [
        {
          "cell": "89283082803ffff",
          "resolution": 9,
          "area_km2": 0.10940247351409498,
          "center": [
            37.773515097238146,
            -122.4182710369247
          ],
          "boundary": [
            [
              37.772010477332394,
              -122.41701147197294
            ],
            [
              37.77369317299805,
              -122.41594013984891
            ],
            [
              37.775197782893386,
              -122.41719971841658
            ],
            [
              37.775019673792606,
              -122.41953062807342
            ],
            [
              37.7733369780061,
              -122.42060189084884
            ],
            [
              37.771832391440924,
              -122.41934231331867
            ]
          ]
        },
        {
          "cell": "8928308281bffff",
          "resolution": 9,
          "area_km2": 0.10940798664680453,
          "center": [
            37.772188519752255,
            -122.41468058748049
          ],
          "boundary": [
            [
              37.77068382315852,
              -122.41342106131174
            ],
            [
              37.77236651869776,
              -122.41234965984782
            ],
            [
              37.77387120528312,
              -122.41360919962808
            ],
            [
              37.77369317299805,
              -122.41594013984891
            ],
            [
              37.772010477332394,
              -122.41701147197294
            ],
            [
              37.7705058140779,
              -122.41575193321864
            ]
          ]
        },
        {
          "cell": "8928308280bffff",
          "resolution": 9,
          "area_km2": 0.10940370195547992,
          "center": [
            37.7753758485188,
            -122.41486876560982
          ],
          "boundary": [
            [
              37.77387120528312,
              -122.41360919962808
            ],
            [
              37.775553870666116,
              -122.41253776965968
            ],
            [
              37.77705850389022,
              -122.41379734925398
            ],
            [
              37.77688044840227,
              -122.41612835779266
            ],
            [
              37.775197782893386,
              -122.41719971841658
            ],
            [
              37.77369317299805,
              -122.41594013984891
            ]
          ]
        },
        {
          "cell": "8928308280fffff",
          "resolution": 9,
          "area_km2": 0.10939818864716178,
          "center": [
            37.776702349435695,
            -122.41845932318309
          ],
          "boundary": [
            [
              37.775197782893386,
              -122.41719971841658
            ],
            [
              37.77688044840227,
              -122.41612835779266
            ],
            [
              37.778385004930925,
              -122.41738797617619
            ],
            [
              37.77820687262237,
              -122.41971895414808
            ],
            [
              37.776524206993216,
              -122.42079024541879
            ],
            [
              37.775019673792606,
              -122.41953062807342
            ]
          ]
        },
        {
          "cell": "89283082807ffff",
          "resolution": 9,
          "area_km2": 0.10939695977138443,
          "center": [
            37.77484152121918,
            -122.42186149457379
          ],
          "boundary": [
            [
              37.7733369780061,
              -122.42060189084884
            ],
            [
              37.775019673792606,
              -122.41953062807342
            ],
            [
              37.776524206993216,
              -122.42079024541879
            ],
            [
              37.776346021077586,
              -122.42312112449314
            ],
            [
              37.774663325175815,
              -122.42419231791125
            ],
            [
              37.77315881530464,
              -122.42293270161493
            ]
          ]
        },
        {
          "cell": "89283082817ffff",
          "resolution": 9,
          "area_km2": 0.10940124402266332,
          "center": [
            37.771654262080546,
            -122.42167311151113
          ],
          "boundary": [
            [
              37.770149665506075,
              -122.42041354760029
            ],
            [
              37.771832391440924,
              -122.41934231331867
            ],
            [
              37.7733369780061,
              -122.42060189084884
            ],
            [
              37.77315881530464,
              -122.42293270161493
            ],
            [
              37.771476089253994,
              -122.42400386654383
            ],
            [
              37.769971526020306,
              -122.42274429006204
            ]
          ]
        },
        {
          "cell": "89283082813ffff",
          "resolution": 9,
          "area_km2": 0.10940675758840357,
          "center": [
            37.770327761526175,
            -122.4180827619837
          ],
          "boundary": [
            [
              37.76882308826447,
              -122.41682323684428
            ],
            [
              37.7705058140779,
              -122.41575193321864
            ],
            [
              37.772010477332394,
              -122.41701147197294
            ],
            [
              37.771832391440924,
              -122.41934231331867
            ],
            [
              37.770149665506075,
              -122.42041354760029
            ],
            [
              37.768645025583815,
              -122.41915400988286
            ]
          ]
        },
        {
          "cell": "892830828c7ffff",
          "resolution": 9,
          "area_km2": 0.10941227054293187,
          "center": [
            37.76900110747723,
            -122.41449242066217
          ],
          "boundary": [
            [
              37.76749635753299,
              -122.41323293430392
            ],
            [
              37.769179083219434,
              -122.41216156134303
            ],
            [
              37.77068382315852,
              -122.41342106131174
            ],
            [
              37.7705058140779,
              -122.41575193321864
            ],
            [
              37.76882308826447,
              -122.41682323684428
            ],
            [
              37.76731837165834,
              -122.41556373790088
            ]
          ]
        },
        {
          "cell": "892830828cfffff",
          "resolution": 9,
          "area_km2": 0.10941349916801339,
          "center": [
            37.770861788765316,
            -122.41109014626946
          ],
          "boundary": [
            [
              37.76935701548832,
              -122.40983065889338
            ],
            [
              37.77103971089556,
              -122.4087591880983
            ],
            [
              37.77254447416621,
              -122.41001868908145
            ],
            [
              37.77236651869776,
              -122.41234965984782
            ],
            [
              37.77068382315852,
              -122.41342106131174
            ],
            [
              37.769179083219434,
              -122.41216156134303
            ]
          ]
        },
        {
          "cell": "89283082857ffff",
          "resolution": 9,
          "area_km2": 0.10940921465442188,