{
  "total_sensors": 1500,
  "networks": {
    "eurdep": 531,
    "safecast": 503,
    "ctbto": 466
  },
  "radiation_statistics": {
    "mean": 0.09985930115351065,
    "std": 0.020199653461019967,
    "min": 0.04017728058198554,
    "max": 0.17852475412872654,
    "percentiles": {
      "p25": 0.08563705470074232,
      "p50": 0.09975070249957162,
      "p75": 0.11336838135456076,
      "p95": 0.13353648179566438,
      "p99": 0.14563743411389005
    }
  },
  "spatial_coverage": {
    "unique_h3_cells": 1500,
    "h3_resolution": 5
  }
}