{
  "policy_dynamics": {
    "policy_entropy": {
      "mean": 1.5742091976633599,
      "trend": 0.0009570651719287814
    },
    "policy_stability": 0.14325883006830334,
    "selected_policies": [
      1,
      3,
      2,
      3,
      1,
      4,
      2,
      0,
      0,
      3,
      3,
      3,
      0,
      3,
      3,
      2,
      2,
      4,
      2,
      0
    ],
    "policy_distribution": [
      0.19289225632007811,
      0.20369317316952804,
      0.22180811227320424,
      0.1860313857338079,
      0.19557507250338177
    ]
  },
  "action_consistency": {
    "consistency_score": 0.30000000000000004,
    "num_action_changes": 14,
    "action_diversity": 5
  },
  "exploration_exploitation": {
    "exploration_scores": {
      "mean": 0.9781111688133028,
      "std": 0.014109001012177288,
      "trend": 0.0005946580259696612
    },
    "exploration_pattern": "stable"
  },
  "policy_convergence": {
    "is_converging": true,
    "convergence_rate": 2.954190276042283e-05,
    "final_variance": 0.0024729501251919304,
    "convergence_quality": "weak"
  },
  "decision_quality": {
    "overall_quality_score": 0.17188883118669718,
    "quality_rating": "Poor",
    "components": {
      "consistency": 0.30000000000000004,
      "exploration_balance": 0.04377766237339431,
      "free_energy_reduction": -0.31306355265170377
    }
  }
}