{
  "policy_dynamics": {
    "policy_entropy": {
      "mean": 1.5821568508307489,
      "trend": 0.00010866603974465332
    },
    "policy_stability": 0.13033398058629467,
    "selected_policies": [
      3,
      0,
      2,
      3,
      2,
      0,
      1,
      1,
      4,
      2,
      3,
      2,
      2,
      3,
      3,
      2,
      4,
      0,
      1,
      2
    ],
    "policy_distribution": [
      0.18851216679686283,
      0.1974929105643341,
      0.21999165202042859,
      0.20036200439584811,
      0.1936412662225263
    ]
  },
  "action_consistency": {
    "consistency_score": 0.19999999999999996,
    "num_action_changes": 16,
    "action_diversity": 5
  },
  "exploration_exploitation": {
    "exploration_scores": {
      "mean": 0.9830493233739649,
      "std": 0.006283967921152083,
      "trend": 6.751800669359464e-05
    },
    "exploration_pattern": "stable"
  },
  "policy_convergence": {
    "is_converging": false,
    "convergence_rate": 1.0459058341666477e-05,
    "final_variance": 0.0018351395665994117,
    "convergence_quality": "weak"
  },
  "decision_quality": {
    "overall_quality_score": 0.11695067662603509,
    "quality_rating": "Poor",
    "components": {
      "consistency": 0.19999999999999996,
      "exploration_balance": 0.03390135325207022,
      "free_energy_reduction": -0.529839731265156
    }
  }
}