{
  "belief_dynamics": {
    "belief_change_magnitude": {
      "mean": 0.021541653755305,
      "std": 0.017201975500016887,
      "max": 0.06772297243823454
    },
    "entropy_dynamics": {
      "initial": 1.5803880085894106,
      "final": 1.081543245167853,
      "mean": 1.2955935929146931,
      "trend": -0.02718157898337624
    },
    "stability_by_state": [
      0.0016792542440229401,
      0.008842979855236025,
      0.011517921183624378,
      0.008543469805696806,
      0.005030449064617588
    ],
    "state_switches": 1,
    "switch_rate": 0.05
  },
  "observation_response": {
    "responsiveness": {
      "mean": 0.0,
      "std": 0.0,
      "distribution": []
    },
    "correlation_analysis": {
      "state_0_obs_0": 0.0,
      "state_0_obs_1": 0.0,
      "state_0_obs_2": 0.0,
      "state_0_obs_3": 0.0,
      "state_1_obs_0": 0.0,
      "state_1_obs_1": 0.0,
      "state_1_obs_2": 0.0,
      "state_1_obs_3": 0.0,
      "state_2_obs_0": 0.0,
      "state_2_obs_1": 0.0,
      "state_2_obs_2": 0.0,
      "state_2_obs_3": 0.0,
      "state_3_obs_0": 0.0,
      "state_3_obs_1": 0.0,
      "state_3_obs_2": 0.0,
      "state_3_obs_3": 0.0,
      "state_4_obs_0": 0.0,
      "state_4_obs_1": 0.0,
      "state_4_obs_2": 0.0,
      "state_4_obs_3": 0.0
    }
  },
  "perception_quality": {
    "is_flat": false,
    "randomness_score": 0.00023933013162957817,
    "structure_score": 0.20179566934412846,
    "quality_rating": "Fair - Limited Structure"
  },
  "pattern_detection": {
    "oscillations": {
      "state_0": {
        "num_peaks": 0,
        "num_valleys": 0,
        "estimated_frequency": 0.0,
        "amplitude": 0.034661568788310226
      },
      "state_1": {
        "num_peaks": 0,
        "num_valleys": 0,
        "estimated_frequency": 0.0,
        "amplitude": 0.06699593687769057
      },
      "state_2": {
        "num_peaks": 0,
        "num_valleys": 0,
        "estimated_frequency": 0.0,
        "amplitude": 0.060155517249593476
      },
      "state_3": {
        "num_peaks": 0,
        "num_valleys": 0,
        "estimated_frequency": 0.0,
        "amplitude": 0.05496256902107075
      },
      "state_4": {
        "num_peaks": 0,
        "num_valleys": 0,
        "estimated_frequency": 0.0,
        "amplitude": 0.0284631575741324
      }
    },
    "convergence": {
      "state_0": {
        "is_converging": true,
        "convergence_rate": 1.1755169299085334e-05,
        "final_variance": 3.94951860481922e-05
      },
      "state_1": {
        "is_converging": true,
        "convergence_rate": 0.00011243487056137923,
        "final_variance": 6.15039262775257e-05
      },
      "state_2": {
        "is_converging": true,
        "convergence_rate": 0.00012860975418003688,
        "final_variance": 1.7890523782693674e-05
      },
      "state_3": {
        "is_converging": true,
        "convergence_rate": 8.97002444695465e-05,
        "final_variance": 2.3691352119278218e-05
      },
      "state_4": {
        "is_converging": true,
        "convergence_rate": 2.6995638823214906e-05,
        "final_variance": 4.82393736613948e-06
      }
    },
    "phase_transitions": {
      "num_transitions": 1,
      "transitions": [
        {
          "timestep": 1,
          "from_state": 2,
          "to_state": 1,
          "strength": 0.017176566714551422
        }
      ],
      "transition_rate": 0.05
    }
  },
  "surprise_analysis": {
    "surprise_statistics": {
      "mean": 1.609437862434102,
      "std": 2.3811631099687444e-16,
      "min": 1.6094378624341015,
      "max": 1.6094378624341017
    },
    "surprise_trend": -2.0010474859895525e-17,
    "high_surprise_events": 0
  }
}