{
  "belief_dynamics": {
    "belief_change_magnitude": {
      "mean": 0.01268365784135104,
      "std": 0.0077063413283464,
      "max": 0.03284200867731222
    },
    "entropy_dynamics": {
      "initial": 1.5541484697417223,
      "final": 1.25939874705568,
      "mean": 1.380071040036863,
      "trend": -0.015242789891985756
    },
    "stability_by_state": [
      0.0038869533539417902,
      0.0010765162358769371,
      0.004238573941503041,
      0.003382967385447105,
      0.004766579984834899
    ],
    "state_switches": 0,
    "switch_rate": 0.0
  },
  "observation_response": {
    "responsiveness": {
      "mean": 0.0,
      "std": 0.0,
      "distribution": []
    },
    "correlation_analysis": {
      "state_0_obs_0": 0.0,
      "state_0_obs_1": 0.0,
      "state_0_obs_2": 0.0,
      "state_0_obs_3": 0.0,
      "state_1_obs_0": 0.0,
      "state_1_obs_1": 0.0,
      "state_1_obs_2": 0.0,
      "state_1_obs_3": 0.0,
      "state_2_obs_0": 0.0,
      "state_2_obs_1": 0.0,
      "state_2_obs_2": 0.0,
      "state_2_obs_3": 0.0,
      "state_3_obs_0": 0.0,
      "state_3_obs_1": 0.0,
      "state_3_obs_2": 0.0,
      "state_3_obs_3": 0.0,
      "state_4_obs_0": 0.0,
      "state_4_obs_1": 0.0,
      "state_4_obs_2": 0.0,
      "state_4_obs_3": 0.0
    }
  },
  "perception_quality": {
    "is_flat": false,
    "randomness_score": 0.0009517047730069894,
    "structure_score": 0.12395562202323421,
    "quality_rating": "Fair - Limited Structure"
  },
  "pattern_detection": {
    "oscillations": {
      "state_0": {
        "num_peaks": 0,
        "num_valleys": 0,
        "estimated_frequency": 0.0,
        "amplitude": 0.0335076338349284
      },
      "state_1": {
        "num_peaks": 1,
        "num_valleys": 0,
        "estimated_frequency": 0.0,
        "amplitude": 0.009623425312544363
      },
      "state_2": {
        "num_peaks": 0,
        "num_valleys": 0,
        "estimated_frequency": 0.0,
        "amplitude": 0.024057779446684257
      },
      "state_3": {
        "num_peaks": 0,
        "num_valleys": 0,
        "estimated_frequency": 0.0,
        "amplitude": 0.04539400070502904
      },
      "state_4": {
        "num_peaks": 0,
        "num_valleys": 0,
        "estimated_frequency": 0.0,
        "amplitude": 0.027226486716950948
      }
    },
    "convergence": {
      "state_0": {
        "is_converging": true,
        "convergence_rate": 2.528767012232653e-05,
        "final_variance": 1.8084772406747566e-05
      },
      "state_1": {
        "is_converging": false,
        "convergence_rate": 8.087630781259372e-07,
        "final_variance": 1.0854735754123211e-05
      },
      "state_2": {
        "is_converging": true,
        "convergence_rate": 1.974277653189885e-05,
        "final_variance": 1.8291603453808485e-06
      },
      "state_3": {
        "is_converging": true,
        "convergence_rate": 2.8872404648737316e-05,
        "final_variance": 7.230916522143437e-05
      },
      "state_4": {
        "is_converging": true,
        "convergence_rate": 2.4222703344401092e-05,
        "final_variance": 5.305394835255705e-06
      }
    },
    "phase_transitions": {
      "num_transitions": 0,
      "transitions": [],
      "transition_rate": 0.0
    }
  },
  "surprise_analysis": {
    "surprise_statistics": {
      "mean": 1.609437862434102,
      "std": 2.3811631099687444e-16,
      "min": 1.6094378624341015,
      "max": 1.6094378624341017
    },
    "surprise_trend": -2.0010474859895525e-17,
    "high_surprise_events": 0
  }
}