{
  "policy_dynamics": {
    "policy_entropy": {
      "mean": 1.589337087573626,
      "trend": 0.001549579436580904
    },
    "policy_stability": 0.11552763527465089,
    "selected_policies": [
      2,
      0,
      3,
      3,
      4,
      1,
      4,
      1,
      0,
      1,
      1,
      4,
      1,
      0,
      2,
      4,
      1,
      3,
      0,
      4
    ],
    "policy_distribution": [
      0.20501625368996873,
      0.21092306705236075,
      0.19645987209905055,
      0.19947457410007027,
      0.18812623305854975
    ]
  },
  "action_consistency": {
    "consistency_score": 0.15000000000000002,
    "num_action_changes": 17,
    "action_diversity": 5
  },
  "exploration_exploitation": {
    "exploration_scores": {
      "mean": 0.9875106553007231,
      "std": 0.007564886471534716,
      "trend": 0.0009628078378229011
    },
    "exploration_pattern": "stable"
  },
  "policy_convergence": {
    "is_converging": true,
    "convergence_rate": 0.00011785060859743696,
    "final_variance": 0.0008292503646828156,
    "convergence_quality": "weak"
  },
  "decision_quality": {
    "overall_quality_score": 0.08748934469927688,
    "quality_rating": "Poor",
    "components": {
      "consistency": 0.15000000000000002,
      "exploration_balance": 0.024978689398553744,
      "free_energy_reduction": -0.8569905365000036
    }
  }
}