{
  "policy_dynamics": {
    "policy_entropy": {
      "mean": 1.592384836721333,
      "trend": 0.0011198311070778053
    },
    "policy_stability": 0.11228609373191786,
    "selected_policies": [
      1,
      3,
      2,
      4,
      1,
      0,
      0,
      3,
      1,
      2,
      0,
      1,
      3,
      4,
      3,
      4,
      1,
      3,
      4,
      4
    ],
    "policy_distribution": [
      0.22160057477327294,
      0.1902386057515692,
      0.19996841384331324,
      0.18507195121226205,
      0.2031204544195825
    ]
  },
  "action_consistency": {
    "consistency_score": 0.15000000000000002,
    "num_action_changes": 17,
    "action_diversity": 5
  },
  "exploration_exploitation": {
    "exploration_scores": {
      "mean": 0.9894043283179675,
      "std": 0.0063638376125475585,
      "trend": 0.000695790187634022
    },
    "exploration_pattern": "stable"
  },
  "policy_convergence": {
    "is_converging": true,
    "convergence_rate": 0.00011258538556304783,
    "final_variance": 0.0004587777754241321,
    "convergence_quality": "weak"
  },
  "decision_quality": {
    "overall_quality_score": 0.08559567168203247,
    "quality_rating": "Poor",
    "components": {
      "consistency": 0.15000000000000002,
      "exploration_balance": 0.02119134336406492,
      "free_energy_reduction": -0.7207558975321509
    }
  }
}