{
  "belief_dynamics": {
    "belief_change_magnitude": {
      "mean": 0.024761273156258062,
      "std": 0.015466429339155123,
      "max": 0.0636793889534151
    },
    "entropy_dynamics": {
      "initial": 1.3233672754123664,
      "final": 0.6511048604894832,
      "mean": 0.9329499330316201,
      "trend": -0.03551218102772814
    },
    "stability_by_state": [
      0.009573643290902021,
      0.0020990582417340794,
      0.012160421761467853,
      0.004458351212429258
    ],
    "state_switches": 0,
    "switch_rate": 0.0
  },
  "observation_response": {
    "responsiveness": {
      "mean": 0.0,
      "std": 0.0,
      "distribution": []
    },
    "correlation_analysis": {
      "state_0_obs_0": 0.0,
      "state_0_obs_1": 0.0,
      "state_0_obs_2": 0.0,
      "state_0_obs_3": 0.0,
      "state_1_obs_0": 0.0,
      "state_1_obs_1": 0.0,
      "state_1_obs_2": 0.0,
      "state_1_obs_3": 0.0,
      "state_2_obs_0": 0.0,
      "state_2_obs_1": 0.0,
      "state_2_obs_2": 0.0,
      "state_2_obs_3": 0.0,
      "state_3_obs_0": 0.0,
      "state_3_obs_1": 0.0,
      "state_3_obs_2": 0.0,
      "state_3_obs_3": 0.0
    }
  },
  "perception_quality": {
    "is_flat": false,
    "randomness_score": 0.0007604847763885703,
    "structure_score": 0.1985076303602093,
    "quality_rating": "Fair - Limited Structure"
  },
  "pattern_detection": {
    "oscillations": {
      "state_0": {
        "num_peaks": 0,
        "num_valleys": 0,
        "estimated_frequency": 0.0,
        "amplitude": 0.0500113490313421
      },
      "state_1": {
        "num_peaks": 1,
        "num_valleys": 0,
        "estimated_frequency": 0.0,
        "amplitude": 0.02525175332156154
      },
      "state_2": {
        "num_peaks": 0,
        "num_valleys": 0,
        "estimated_frequency": 0.0,
        "amplitude": 0.11457729342460271
      },
      "state_3": {
        "num_peaks": 0,
        "num_valleys": 0,
        "estimated_frequency": 0.0,
        "amplitude": 0.042092281865485894
      }
    },
    "convergence": {
      "state_0": {
        "is_converging": true,
        "convergence_rate": 8.997782766413385e-05,
        "final_variance": 1.0817646214548665e-05
      },
      "state_1": {
        "is_converging": false,
        "convergence_rate": 2.8754822196642663e-06,
        "final_variance": 5.309385448555402e-05
      },
      "state_2": {
        "is_converging": true,
        "convergence_rate": 0.00026895434283137436,
        "final_variance": 0.00024521431415371904
      },
      "state_3": {
        "is_converging": true,
        "convergence_rate": 3.8019409080273816e-05,
        "final_variance": 2.589508782365676e-05
      }
    },
    "phase_transitions": {
      "num_transitions": 0,
      "transitions": [],
      "transition_rate": 0.0
    }
  },
  "surprise_analysis": {
    "surprise_statistics": {
      "mean": 1.3862943211198915,
      "std": 0.0,
      "min": 1.3862943211198915,
      "max": 1.3862943211198915
    },
    "surprise_trend": -2.3439516489660386e-17,
    "high_surprise_events": 0
  }
}