{
  "belief_dynamics": {
    "belief_change_magnitude": {
      "mean": 0.03626571593131953,
      "std": 0.020779102697950677,
      "max": 0.07870134980634226
    },
    "entropy_dynamics": {
      "initial": 1.3733266541311198,
      "final": 0.5739956606475014,
      "mean": 0.9652472178150047,
      "trend": -0.045820163860504685
    },
    "stability_by_state": [
      0.0038716170831844463,
      0.017260727274383693,
      0.011295117841765217,
      0.0027544534747833177
    ],
    "state_switches": 1,
    "switch_rate": 0.05
  },
  "observation_response": {
    "responsiveness": {
      "mean": 0.0,
      "std": 0.0,
      "distribution": []
    },
    "correlation_analysis": {
      "state_0_obs_0": 0.0,
      "state_0_obs_1": 0.0,
      "state_0_obs_2": 0.0,
      "state_0_obs_3": 0.0,
      "state_1_obs_0": 0.0,
      "state_1_obs_1": 0.0,
      "state_1_obs_2": 0.0,
      "state_1_obs_3": 0.0,
      "state_2_obs_0": 0.0,
      "state_2_obs_1": 0.0,
      "state_2_obs_2": 0.0,
      "state_2_obs_3": 0.0,
      "state_3_obs_0": 0.0,
      "state_3_obs_1": 0.0,
      "state_3_obs_2": 0.0,
      "state_3_obs_3": 0.0
    }
  },
  "perception_quality": {
    "is_flat": false,
    "randomness_score": 0.00014698136631652314,
    "structure_score": 0.22953429176541937,
    "quality_rating": "Fair - Limited Structure"
  },
  "pattern_detection": {
    "oscillations": {
      "state_0": {
        "num_peaks": 0,
        "num_valleys": 0,
        "estimated_frequency": 0.0,
        "amplitude": 0.05550263709977524
      },
      "state_1": {
        "num_peaks": 0,
        "num_valleys": 0,
        "estimated_frequency": 0.0,
        "amplitude": 0.17606116680031061
      },
      "state_2": {
        "num_peaks": 0,
        "num_valleys": 0,
        "estimated_frequency": 0.0,
        "amplitude": 0.0764740274758644
      },
      "state_3": {
        "num_peaks": 0,
        "num_valleys": 0,
        "estimated_frequency": 0.0,
        "amplitude": 0.04492053560830293
      }
    },
    "convergence": {
      "state_0": {
        "is_converging": true,
        "convergence_rate": 4.5956641839498215e-05,
        "final_variance": 6.423218744332786e-05
      },
      "state_1": {
        "is_converging": true,
        "convergence_rate": 0.000623480825807895,
        "final_variance": 0.000465193388849367
      },
      "state_2": {
        "is_converging": true,
        "convergence_rate": 0.00016875626762231395,
        "final_variance": 4.411107380316499e-05
      },
      "state_3": {
        "is_converging": true,
        "convergence_rate": 2.630067957774908e-05,
        "final_variance": 4.7789764222146055e-05
      }
    },
    "phase_transitions": {
      "num_transitions": 1,
      "transitions": [
        {
          "timestep": 1,
          "from_state": 2,
          "to_state": 1,
          "strength": 0.027050322520245085
        }
      ],
      "transition_rate": 0.05
    }
  },
  "surprise_analysis": {
    "surprise_statistics": {
      "mean": 1.3862943211198915,
      "std": 0.0,
      "min": 1.3862943211198915,
      "max": 1.3862943211198915
    },
    "surprise_trend": -2.3439516489660386e-17,
    "high_surprise_events": 0
  }
}