{
  "test_cell": "89283082e73ffff",
  "test_lat": 37.7749,
  "test_lng": -122.4194,
  "test_resolution": 9,
  "cell_area": 0.10943799376189017,
  "cell_boundary": [
    [
      37.76776869834635,
      -122.38866319312106
    ],
    [
      37.76945133253052,
      -122.38759124944768
    ],
    [
      37.770956449160096,
      -122.38885059704907
    ],
    [
      37.77077890827349,
      -122.39118188737996
    ],
    [
      37.76909627392491,
      -122.39225376176542
    ],
    [
      37.76759118062705,
      -122.39099441511055
    ]
  ],
  "cell_center": [
    37.76927382497636,
    -122.38992252714003
  ]
}