{
  "executive_summary": {
    "total_area_analyzed": 585000,
    "climate_risk_level": "Moderate to High",
    "economic_diversity": 0.778,
    "key_recommendations": [
      "Enhance fire prevention and forest management programs",
      "Develop climate adaptation strategies for coastal areas",
      "Support economic diversification beyond traditional forestry",
      "Improve infrastructure resilience and connectivity"
    ]
  },
  "climate_assessment": {
    "current_risks": {
      "heat_wave_risk": 0.35,
      "drought_risk": 0.42,
      "fire_weather_risk": 0.58,
      "coastal_flooding_risk": 0.28,
      "ecosystem_stress_risk": 0.45
    },
    "projected_changes": {
      "rcp45_2050": {
        "years": [
          2021,
          2022,
          2023,
          2024,
          2025,
          2026,
          2027,
          2028,
          2029,
          2030,
          2031,
          2032,
          2033,
          2034,
          2035,
          2036,
          2037,
          2038,
          2039,
          2040,
          2041,
          2042,
          2043,
          2044,
          2045,
          2046,
          2047,
          2048,
          2049,
          2050,
          2051,
          2052,
          2053,
          2054,
          2055,
          2056,
          2057,
          2058,
          2059,
          2060,
          2061,
          2062,
          2063,
          2064,
          2065,
          2066,
          2067,
          2068,
          2069,
          2070,
          2071,
          2072,
          2073,
          2074,
          2075,
          2076,
          2077,
          2078,
          2079,
          2080,
          2081,
          2082,
          2083,
          2084,
          2085,
          2086,
          2087,
          2088,
          2089,
          2090,
          2091,
          2092,
          2093,
          2094,
          2095,
          2096,
          2097,
          2098,
          2099,
          2100
        ],
        "temperature": [
          13.50419985351808,
          14.144839392969757,
          14.071948195774048,
          14.111640729038932,
          13.78901251980382,
          14.212402512716608,
          14.537552461264255,
          14.717406372129567,
          14.669184188144314,
          14.691923264070871,
          13.735321192796029,
          14.860252442065962,
          14.66739880675914,
          14.400648277703754,
          14.452360374063158,
          14.515051690041435,
          13.98986541379146,
          14.311395422325509,
          15.006275862963141,
          13.932224133686015,
          14.119362092755372,
          13.571661196715468,
          13.91935921451196,
          14.448108130835456,
          14.752407486774292,
          13.851387922117453,
          15.136435091908751,
          14.463035435955037,
          14.873911045168493,
          14.653413803783433,
          15.708962161291069,
          14.293014983072283,
          14.165459630406584,
          14.292774489996852,
          14.356678919161551,
          14.144440054693852,
          14.142642930524094,
          15.083490735334614,
          15.347403526415919,
          15.197980561096267,
          14.925362345702007,
          16.084742517654806,
          14.625543588435917,
          13.9410087342781,
          14.924868475148163,
          15.039831463645255,
          15.52709841051598,
          16.200318790057995,
          16.074806607368007,
          14.717131150538147,
          15.726967425055786,
          15.152655131196001,
          14.988079915947669,
          14.782613365925426,
          15.901883679553874,
          15.693406279858714,
          15.22776865150603,
          15.366602986108955,
          15.85344433720921,
          15.915712206067889,
          15.59051313945291,
          14.632197025474062,
          16.040534989301282,
          15.368085137838172,
          16.037694924909086,
          16.06858620244836,
          15.475765747501535,
          16.19795115085873,
          16.172424965061587,
          15.689774095104362,
          16.199996312903167,
          15.821323090975532,
          16.068715187756464,
          15.270160807113113,
          15.967337019081725,
          14.992401467266566,
          15.329584408386276,
          15.480166205813239,
          16.52501039990296,
          16.76391918286787
        ],
        "precipitation_change": -5
      },
      "rcp85_2050": {
        "years": [
          2021,
          2022,
          2023,
          2024,
          2025,
          2026,
          2027,
          2028,
          2029,
          2030,
          2031,
          2032,
          2033,
          2034,
          2035,
          2036,
          2037,
          2038,
          2039,
          2040,
          2041,
          2042,
          2043,
          2044,
          2045,
          2046,
          2047,
          2048,
          2049,
          2050,
          2051,
          2052,
          2053,
          2054,
          2055,
          2056,
          2057,
          2058,
          2059,
          2060,
          2061,
          2062,
          2063,
          2064,
          2065,
          2066,
          2067,
          2068,
          2069,
          2070,
          2071,
          2072,
          2073,
          2074,
          2075,
          2076,
          2077,
          2078,
          2079,
          2080,
          2081,
          2082,
          2083,
          2084,
          2085,
          2086,
          2087,
          2088,
          2089,
          2090,
          2091,
          2092,
          2093,
          2094,
          2095,
          2096,
          2097,
          2098,
          2099,
          2100
        ],