{
  "executive_summary": {
    "total_area_analyzed": 585000,
    "climate_risk_level": "Moderate to High",
    "economic_diversity": 0.778,
    "key_recommendations": [
      "Enhance fire prevention and forest management programs",
      "Develop climate adaptation strategies for coastal areas",
      "Support economic diversification beyond traditional forestry",
      "Improve infrastructure resilience and connectivity"
    ]
  },
  "climate_assessment": {
    "current_risks": {
      "heat_wave_risk": 0.35,
      "drought_risk": 0.42,
      "fire_weather_risk": 0.58,
      "coastal_flooding_risk": 0.28,
      "ecosystem_stress_risk": 0.45
    },
    "projected_changes": {
      "rcp45_2050": {
        "years": [
          2021,
          2022,
          2023,
          2024,
          2025,
          2026,
          2027,
          2028,
          2029,
          2030,
          2031,
          2032,
          2033,
          2034,
          2035,
          2036,
          2037,
          2038,
          2039,
          2040,
          2041,
          2042,
          2043,
          2044,
          2045,
          2046,
          2047,
          2048,
          2049,
          2050,
          2051,
          2052,
          2053,
          2054,
          2055,
          2056,
          2057,
          2058,
          2059,
          2060,
          2061,
          2062,
          2063,
          2064,
          2065,
          2066,
          2067,
          2068,
          2069,
          2070,
          2071,
          2072,
          2073,
          2074,
          2075,
          2076,
          2077,
          2078,
          2079,
          2080,
          2081,
          2082,
          2083,
          2084,
          2085,
          2086,
          2087,
          2088,
          2089,
          2090,
          2091,
          2092,
          2093,
          2094,
          2095,
          2096,
          2097,
          2098,
          2099,
          2100
        ],
        "temperature": [
          11.133565555964207,
          12.056303757098975,
          12.018957510314138,
          12.619288662294647,
          11.798205204446205,
          12.325377671325167,
          11.899096236420315,
          12.806165514194234,
          12.845792405422676,
          12.754497909087927,
          11.744534148966371,
          11.94289439355463,
          12.856659994629485,
          12.331932442745243,
          12.604119393845393,
          12.856210506126683,
          13.07745361729546,
          13.379540140170883,
          12.857849002439558,
          11.989414747147016,
          13.549398896901268,
          13.317742417102966,
          12.880233269514415,
          12.694417847732591,
          12.4834380739392,
          13.693675026638275,
          12.94033026267053,
          13.594364500317106,
          13.579300073659244,
          14.239539094010308,
          12.44013685044246,
          13.553796496855831,
          13.352048127976037,
          13.74599328752286,
          12.76155892126746,
          12.935748846093817,
          12.649877345967516,
          12.9190022677928,
          12.931477826909685,
          13.247926518757271,
          13.470107670639514,
          14.10122718104776,
          13.327049771953254,
          12.7631575055398,
          13.51713054214792,
          13.545666781300149,
          13.531421578716396,
          13.124805563326557,
          13.335233583951903,
          14.071447584974187,
          14.101552320785993,
          13.34497922578016,
          14.286216570243651,
          13.932500889128592,
          12.619753267213438,
          13.267009871406728,
          12.51190897451395,
          13.867422576784938,
          13.898448537800695,
          13.243280824210013,
          13.849901345102447,
          14.384222806572273,
          14.432576167675084,
          14.257184997188281,
          13.635818381851463,
          14.133974805668073,
          13.981386927144342,
          14.033822781615694,
          14.14035420125843,
          14.79021822726897,
          13.929693081658955,
          13.242021727420223,
          13.792519033711315,
          14.277653361698942,
          14.085090697138261,
          15.201464868391541,
          14.147171835515694,
          13.814206418152907,
          14.454426239961908,
          13.894537311281317
        ],
        "precipitation_change": -5
      },
      "rcp85_2050": {
        "years": [
          2021,
          2022,
          2023,
          2024,
          2025,
          2026,
          2027,
          2028,
          2029,
          2030,
          2031,
          2032,
          2033,
          2034,
          2035,
          2036,
          2037,
          2038,
          2039,
          2040,
          2041,
          2042,
          2043,
          2044,
          2045,
          2046,
          2047,
          2048,
          2049,
          2050,
          2051,
          2052,
          2053,
          2054,
          2055,
          2056,
          2057,
          2058,
          2059,
          2060,
          2061,
          2062,
          2063,
          2064,
          2065,
          2066,
          2067,
          2068,
          2069,
          2070,
          2071,
          2072,
          2073,
          2074,
          2075,
          2076,
          2077,
          2078,
          2079,
          2080,
          2081,
          2082,
          2083,
          2084,
          2085,
          2086,
          2087,
          2088,
          2089,
          2090,
          2091,
          2092,
          2093,
          2094,
          2095,
          2096,
          2097,
          2098,
          2099,
          2100
        ],