{
  "executive_summary": {
    "total_area_analyzed": 585000,
    "climate_risk_level": "Moderate to High",
    "economic_diversity": 0.778,
    "key_recommendations": [
      "Enhance fire prevention and forest management programs",
      "Develop climate adaptation strategies for coastal areas",
      "Support economic diversification beyond traditional forestry",
      "Improve infrastructure resilience and connectivity"
    ]
  },
  "climate_assessment": {
    "current_risks": {
      "heat_wave_risk": 0.35,
      "drought_risk": 0.42,
      "fire_weather_risk": 0.58,
      "coastal_flooding_risk": 0.28,
      "ecosystem_stress_risk": 0.45
    },
    "projected_changes": {
      "rcp45_2050": {
        "years": [
          2021,
          2022,
          2023,
          2024,
          2025,
          2026,
          2027,
          2028,
          2029,
          2030,
          2031,
          2032,
          2033,
          2034,
          2035,
          2036,
          2037,
          2038,
          2039,
          2040,
          2041,
          2042,
          2043,
          2044,
          2045,
          2046,
          2047,
          2048,
          2049,
          2050,
          2051,
          2052,
          2053,
          2054,
          2055,
          2056,
          2057,
          2058,
          2059,
          2060,
          2061,
          2062,
          2063,
          2064,
          2065,
          2066,
          2067,
          2068,
          2069,
          2070,
          2071,
          2072,
          2073,
          2074,
          2075,
          2076,
          2077,
          2078,
          2079,
          2080,
          2081,
          2082,
          2083,
          2084,
          2085,
          2086,
          2087,
          2088,
          2089,
          2090,
          2091,
          2092,
          2093,
          2094,
          2095,
          2096,
          2097,
          2098,
          2099,
          2100
        ],
        "temperature": [
          12.926130970994747,
          13.279927467632524,
          12.755792375614602,
          12.81061329517061,
          13.55017087431422,
          13.382101892068974,
          13.313396009915058,
          13.649637187966919,
          13.79023528854222,
          13.95442254084394,
          13.129194060839932,
          13.543509846677969,
          12.039496450504334,
          13.548034303466428,
          13.093037819339399,
          13.441444349205113,
          13.518356401025244,
          14.164286200336408,
          13.24601342247746,
          13.58785949445245,
          14.673779502645733,
          13.091846355314944,
          13.749983666022313,
          13.95136917761451,
          13.627660993157212,
          13.822709073049088,
          13.938692184897782,
          14.124480641575166,
          14.357361923766128,
          13.955393924183143,
          14.213653819124538,
          14.287917147726986,
          13.56119874016336,
          14.347484534661561,
          14.737125073381602,
          14.298484069648808,
          14.256472814929914,
          14.375074628458313,
          14.057697350657977,
          14.002487124982073,
          13.718484321830505,
          13.895907849901054,
          14.811810112887217,
          14.873595540492309,
          14.326784566185694,
          14.24701390884164,
          14.36534596235831,
          15.153198351521253,
          14.768786533132467,
          14.62117855028378,
          14.437768056460003,
          14.25336903205037,
          14.838387434811468,
          13.746750316359115,
          13.97115505342515,
          14.1856528195493,
          14.700346911201176,
          14.494151087687495,
          15.063468759047076,
          15.550159503751928,
          14.425137342107233,
          14.771437668265596,
          15.21662476550692,
          14.7557516419793,
          14.970391581837319,
          14.751330611252582,
          14.593254717485394,
          14.288431089534557,
          14.635439958122653,
          14.99759557021979,
          14.498657859836245,
          14.539280881354545,
          14.32471374650132,
          14.276255236478937,
          15.675834686422178,
          15.979253028823821,
          14.686519195113087,
          15.313631578998788,
          15.672115890252165,
          14.161855341978452
        ],
        "precipitation_change": -5
      },
      "rcp85_2050": {
        "years": [
          2021,
          2022,
          2023,
          2024,
          2025,
          2026,
          2027,
          2028,
          2029,
          2030,
          2031,
          2032,
          2033,
          2034,
          2035,
          2036,
          2037,
          2038,
          2039,
          2040,
          2041,
          2042,
          2043,
          2044,
          2045,
          2046,
          2047,
          2048,
          2049,
          2050,
          2051,
          2052,
          2053,
          2054,
          2055,
          2056,
          2057,
          2058,
          2059,
          2060,
          2061,
          2062,
          2063,
          2064,
          2065,
          2066,
          2067,
          2068,
          2069,
          2070,
          2071,
          2072,
          2073,
          2074,
          2075,
          2076,
          2077,
          2078,
          2079,
          2080,
          2081,
          2082,
          2083,
          2084,
          2085,
          2086,
          2087,
          2088,
          2089,
          2090,
          2091,
          2092,
          2093,
          2094,
          2095,
          2096,
          2097,
          2098,
          2099,
          2100
        ],