{
  "executive_summary": {
    "total_area_analyzed": 585000,
    "climate_risk_level": "Moderate to High",
    "economic_diversity": 0.778,
    "key_recommendations": [
      "Enhance fire prevention and forest management programs",
      "Develop climate adaptation strategies for coastal areas",
      "Support economic diversification beyond traditional forestry",
      "Improve infrastructure resilience and connectivity"
    ]
  },
  "climate_assessment": {
    "current_risks": {
      "heat_wave_risk": 0.35,
      "drought_risk": 0.42,
      "fire_weather_risk": 0.58,
      "coastal_flooding_risk": 0.28,
      "ecosystem_stress_risk": 0.45
    },
    "projected_changes": {
      "rcp45_2050": {
        "years": [
          2021,
          2022,
          2023,
          2024,
          2025,
          2026,
          2027,
          2028,
          2029,
          2030,
          2031,
          2032,
          2033,
          2034,
          2035,
          2036,
          2037,
          2038,
          2039,
          2040,
          2041,
          2042,
          2043,
          2044,
          2045,
          2046,
          2047,
          2048,
          2049,
          2050,
          2051,
          2052,
          2053,
          2054,
          2055,
          2056,
          2057,
          2058,
          2059,
          2060,
          2061,
          2062,
          2063,
          2064,
          2065,
          2066,
          2067,
          2068,
          2069,
          2070,
          2071,
          2072,
          2073,
          2074,
          2075,
          2076,
          2077,
          2078,
          2079,
          2080,
          2081,
          2082,
          2083,
          2084,
          2085,
          2086,
          2087,
          2088,
          2089,
          2090,
          2091,
          2092,
          2093,
          2094,
          2095,
          2096,
          2097,
          2098,
          2099,
          2100
        ],
        "temperature": [
          14.508812328346275,
          15.066660478232373,
          13.633557050200743,
          15.913948082113142,
          15.523008094297888,
          14.765385866330913,
          15.16526206857823,
          14.658716596691404,
          14.09701060458401,
          14.522643714587351,
          15.042139138425526,
          14.336969978586895,
          14.988330542874273,
          14.631201592114769,
          15.334049711706838,
          15.111920273126337,
          14.053191014606085,
          14.931979850301802,
          15.010096354508407,
          15.116834965803543,
          16.627776562842023,
          15.010674556096832,
          15.233398193191254,
          14.675961803722087,
          14.742819533934794,
          15.687060936969809,
          14.392598390556412,
          14.424013935828038,
          15.822404843712583,
          15.591385982696686,
          14.579002124913927,
          16.00475546407172,
          15.75988538121644,
          15.265872291791538,
          15.693799591749526,
          15.910046602282755,
          15.019927009374063,
          16.096176909768232,
          15.188030806510364,
          14.82865551749124,
          15.625912233288101,
          15.700724488828941,
          14.74539790185912,
          15.92487283728165,
          15.815048463191708,
          15.720547531205762,
          15.175379172032994,
          15.310515891516829,
          15.86625599748568,
          16.224657234321302,
          16.117084699241964,
          15.972699087836844,
          16.95990688026608,
          15.710501978179167,
          15.637748880456154,
          16.048343602139216,
          16.204028091125554,
          15.677405781025769,
          15.972702072138029,
          16.120242232992993,
          16.92210232747756,
          16.766544041471835,
          15.374127462937249,
          16.138090033253082,
          16.380701592209284,
          16.389172723654426,
          16.331640052149712,
          16.568419686789685,
          16.527513984349728,
          15.64608272049956,
          16.491524027333288,
          16.37630703997162,
          17.390610600835785,
          17.322369908421365,
          17.050027136873993,
          16.64374033252188,
          16.20443542936365,
          16.04563141584461,
          16.314934202620424,
          16.512397215979213
        ],
        "precipitation_change": -5
      },
      "rcp85_2050": {
        "years": [
          2021,
          2022,
          2023,
          2024,
          2025,
          2026,
          2027,
          2028,
          2029,
          2030,
          2031,
          2032,
          2033,
          2034,
          2035,
          2036,
          2037,
          2038,
          2039,
          2040,
          2041,
          2042,
          2043,
          2044,
          2045,
          2046,
          2047,
          2048,
          2049,
          2050,
          2051,
          2052,
          2053,
          2054,
          2055,
          2056,
          2057,
          2058,
          2059,
          2060,
          2061,
          2062,
          2063,
          2064,
          2065,
          2066,
          2067,
          2068,
          2069,
          2070,
          2071,
          2072,
          2073,
          2074,
          2075,
          2076,
          2077,
          2078,
          2079,
          2080,
          2081,
          2082,
          2083,
          2084,
          2085,
          2086,
          2087,
          2088,
          2089,
          2090,
          2091,
          2092,
          2093,
          2094,
          2095,
          2096,
          2097,
          2098,
          2099,
          2100
        ],