{
  "minimization_dynamics": {
    "total_reduction": -0.17879412735367217,
    "reduction_rate": 0.012909476224242376,
    "efficiency": -0.013753394411820937,
    "monotonicity": 0.5,
    "minimization_quality": "Poor - Increasing free energy"
  },
  "convergence_analysis": {
    "is_converging": true,
    "convergence_rate": 0.000134606401383777,
    "final_stability": 0.9987331818402398,
    "convergence_quality": "strong"
  },
  "stability_assessment": {
    "variance": 0.0035297264566587125,
    "coefficient_of_variation": 0.2829675648263164,
    "large_jumps": 0,
    "stability_score": 0.7773043960339301,
    "stability_rating": "Stable"
  },
  "anomaly_detection": {
    "outliers": [
      0
    ],
    "spikes": [],
    "flat_periods": [],
    "anomaly_score": 0.07692307692307693
  },
  "efficiency_metrics": {
    "efficiency_per_step": -0.014899510612806014,
    "final_efficiency": -0.013753394411820937,
    "actual_vs_theoretical": 5.592496168909575,
    "efficiency_rating": "Inefficient"
  }
}