{
  "belief_dynamics": {
    "belief_change_magnitude": {
      "mean": 0.06417792146625048,
      "std": 0.008411816045794976,
      "max": 0.08007223605593339
    },
    "entropy_dynamics": {
      "initial": 1.3123811356083477,
      "final": 1.1456165316136258,
      "mean": 1.1904619659436944,
      "trend": -0.012040908290329461
    },
    "stability_by_state": [
      0.006091408259546007,
      0.03351072740972273,
      0.04957179099096775,
      0.014678518104677086
    ],
    "state_switches": 0,
    "switch_rate": 0.0
  },
  "observation_response": {
    "responsiveness": {
      "mean": 0.04753062301512356,
      "std": 0.013325783230674206,
      "distribution": [
        0.08007223605593339,
        0.05152400568211128,
        0.04003661325245059,
        0.04135477055125919,
        0.048075924415655974,
        0.0347259748928845,
        0.03829649282362075,
        0.04615896644707279
      ]
    },
    "correlation_analysis": {
      "state_0_obs_0": 0.20931695193756408,
      "state_0_obs_1": -0.4035183078202229,
      "state_0_obs_2": -0.16300382439528793,
      "state_1_obs_0": -0.5364162125755985,
      "state_1_obs_1": 0.5600951255098225,
      "state_1_obs_2": 0.13149821596004804,
      "state_2_obs_0": 0.6738577697695224,
      "state_2_obs_1": -0.3707619707913524,
      "state_2_obs_2": 0.07473671438991568,
      "state_3_obs_0": -0.1156154775095228,
      "state_3_obs_1": -0.10953033787141427,
      "state_3_obs_2": -0.17095004575786418
    }
  },
  "perception_quality": {
    "is_flat": false,
    "randomness_score": 0.33661722418631235,
    "structure_score": 0.1083601478662986,
    "quality_rating": "Fair - Limited Structure"
  },
  "pattern_detection": {
    "oscillations": {
      "state_0": {
        "num_peaks": 0,
        "num_valleys": 0,
        "estimated_frequency": 0.0,
        "amplitude": 0.03818088112823586
      },
      "state_1": {
        "num_peaks": 2,
        "num_valleys": 2,
        "estimated_frequency": 0.25,
        "amplitude": 0.05775567271768099
      },
      "state_2": {
        "num_peaks": 3,
        "num_valleys": 2,
        "estimated_frequency": 0.25,
        "amplitude": 0.03836998483254155
      },
      "state_3": {
        "num_peaks": 1,
        "num_valleys": 2,
        "estimated_frequency": 0.0,
        "amplitude": 0.02479545916496584
      }
    },
    "convergence": {
      "state_0": {
        "is_converging": true,
        "convergence_rate": 5.0249544299206516e-05,
        "final_variance": 3.3739626442664815e-05
      },
      "state_1": {
        "is_converging": true,
        "convergence_rate": 5.145626303233018e-05,
        "final_variance": 0.0010460734487917549
      },
      "state_2": {
        "is_converging": true,
        "convergence_rate": 9.756486847939805e-05,
        "final_variance": 0.0009808985550431174
      },
      "state_3": {
        "is_converging": true,
        "convergence_rate": 1.6706482071489605e-05,
        "final_variance": 2.0195660669838914e-05
      }
    },
    "phase_transitions": {
      "num_transitions": 0,
      "transitions": [],
      "transition_rate": 0.0
    }
  },
  "surprise_analysis": {
    "surprise_statistics": {
      "mean": 1.3862943211198913,
      "std": 2.1333355589415134e-16,
      "min": 1.3862943211198913,
      "max": 1.3862943211198915
    },
    "surprise_trend": 7.405893363788134e-17,
    "high_surprise_events": 0
  }
}