{
  "total_sensors": 100,
  "networks": {
    "safecast": 40,
    "eurdep": 34,
    "ctbto": 26
  },
  "radiation_statistics": {
    "mean": 0.10216066819507494,
    "std": 0.020114376983541293,
    "min": 0.05949714826684786,
    "max": 0.17705462981309442,
    "percentiles": {
      "p25": 0.08570821018330466,
      "p50": 0.1035963524062061,
      "p75": 0.11362526718589272,
      "p95": 0.13734650869440432,
      "p99": 0.15462989579660552
    }
  },
  "spatial_coverage": {
    "unique_h3_cells": 100,
    "h3_resolution": 5
  }
}