{
  "cell": "89283082803ffff",
  "resolution": 9,
  "area_km2": 0.10940247351409498,
  "is_valid": true,
  "is_pentagon": false,
  "center": [
    37.773515097238146,
    -122.4182710369247
  ],
  "boundary": [
    [
      37.772010477332394,
      -122.41701147197294
    ],
    [
      37.77369317299805,
      -122.41594013984891
    ],
    [
      37.775197782893386,
      -122.41719971841658
    ],
    [
      37.775019673792606,
      -122.41953062807342
    ],
    [
      37.7733369780061,
      -122.42060189084884
    ],
    [
      37.771832391440924,
      -122.41934231331867
    ]
  ]
}