{
  "center_cell": "89283082803ffff",
  "cells": [
    "89283082803ffff",
    "8928308281bffff",
    "8928308280bffff",
    "8928308280fffff",
    "89283082807ffff",
    "89283082817ffff",
    "89283082813ffff",
    "892830828c7ffff",
    "892830828cfffff",
    "89283082857ffff",
    "89283082847ffff",
    "89283082873ffff",
    "89283082877ffff",
    "8928308283bffff",
    "89283082833ffff",
    "892830828abffff",
    "892830828bbffff",
    "8928308288fffff",
    "8928308288bffff",
    "892830828d7ffff",
    "892830828c3ffff",
    "892830828cbffff",
    "89283082853ffff",
    "89283082843ffff",
    "8928308284fffff",
    "8928308287bffff",
    "89283082863ffff",
    "89283082867ffff",
    "8928308282bffff",
    "89283082823ffff",
    "89283082837ffff",
    "892830828afffff",
    "892830828a3ffff",
    "892830828b3ffff",
    "89283082887ffff",
    "89283082883ffff",
    "8928308289bffff"
  ],
  "distribution": {
    "total_cells": 37,
    "resolutions": {
      "9": 37
    },
    "pentagons": 0,
    "class_iii_cells": 37,
    "total_area_km2": 4.047891443909084,
    "avg_area_km2": 0.10940247145700226
  },
  "statistics": {
    "centroid": [
      37.77351482837913,
      -122.41827088845481
    ],
    "total_area_km2": 4.047891443909084,
    "total_perimeter_km": 44.574524856000004,
    "compactness": 0.025601492020345885
  },
  "visualization_files": [
    "output/05_static_visualization_map.png",
    "output/05_static_resolution_chart.png",
    "output/05_static_area_distribution.png",
    "output/05_static_density_heatmap.png"
  ]
}