{
  "multi_res_analysis": {
    "6": {
      "cell": "86283082fffffff",
      "area": 37.52504174735086,
      "children_count": 7,
      "parent_area": 0
    },
    "8": {
      "cell": "8828308281fffff",
      "area": 0.7658173122144916,
      "children_count": 7,
      "parent_area": 5.360721068516899
    },
    "10": {
      "cell": "8a283082800ffff",
      "area": 0.01562861231244619,
      "children_count": 7,
      "parent_area": 0.10940247351409498
    },
    "12": {
      "cell": "8c283082800b3ff",
      "area": 0.00031894857610739974,
      "children_count": 0,
      "parent_area": 0.0022326464100903523
    }
  },
  "density_analysis": {
    "San Francisco": {
      "density": 9.140561244421773,
      "coverage_cells": 19
    },
    "New York": {
      "density": 9.45018616071655,
      "coverage_cells": 19
    },
    "Los Angeles": {
      "density": 8.499765046804054,
      "coverage_cells": 19
    },
    "Chicago": {
      "density": 9.414291794134698,
      "coverage_cells": 19
    },
    "Miami": {
      "density": 10.664831177200002,
      "coverage_cells": 19
    }
  },
  "nearest_analysis": [
    {
      "test_point": [
        37.7849,
        -122.4094
      ],
      "nearest_cell": "89283082803ffff",
      "nearest_coordinates": [
        37.773515097238146,
        -122.4182710369247
      ],
      "distance": 1.486758415854892
    },
    {
      "test_point": [
        40.7228,
        -73.996
      ],
      "nearest_cell": "892a1072893ffff",
      "nearest_coordinates": [
        40.71237820442782,
        -74.0056425771711
      ],
      "distance": 1.4153986932264448
    },
    {
      "test_point": [
        39.7392,
        -104.9903
      ],
      "nearest_cell": "8929a1d7577ffff",
      "nearest_coordinates": [
        34.05052759172434,
        -118.24445333040731
      ],
      "distance": 1335.6741125313679
    }
  ],
  "results": {
    "status": "completed",
    "multi_res_analysis": {
      "6": {
        "cell": "86283082fffffff",
        "area": 37.52504174735086,
        "children_count": 7,
        "parent_area": 0
      },
      "8": {
        "cell": "8828308281fffff",
        "area": 0.7658173122144916,
        "children_count": 7,
        "parent_area": 5.360721068516899
      },
      "10": {
        "cell": "8a283082800ffff",
        "area": 0.01562861231244619,
        "children_count": 7,
        "parent_area": 0.10940247351409498
      },
      "12": {
        "cell": "8c283082800b3ff",
        "area": 0.00031894857610739974,
        "children_count": 0,
        "parent_area": 0.0022326464100903523
      }
    },
    "density_analysis": {
      "San Francisco": {
        "density": 9.140561244421773,
        "coverage_cells": 19
      },
      "New York": {
        "density": 9.45018616071655,
        "coverage_cells": 19
      },
      "Los Angeles": {
        "density": 8.499765046804054,
        "coverage_cells": 19
      },
      "Chicago": {
        "density": 9.414291794134698,
        "coverage_cells": 19
      },
      "Miami": {
        "density": 10.664831177200002,
        "coverage_cells": 19
      }
    },
    "nearest_analysis": [
      {
        "test_point": [
          37.7849,
          -122.4094
        ],
        "nearest_cell": "89283082803ffff",
        "nearest_coordinates": [
          37.773515097238146,
          -122.4182710369247
        ],
        "distance": 1.486758415854892
      },
      {
        "test_point": [
          40.7228,
          -73.996
        ],
        "nearest_cell": "892a1072893ffff",
        "nearest_coordinates": [
          40.71237820442782,
          -74.0056425771711
        ],
        "distance": 1.4153986932264448
      },
      {
        "test_point": [
          39.7392,
          -104.9903
        ],
        "nearest_cell": "8929a1d7577ffff",
        "nearest_coordinates": [
          34.05052759172434,
          -118.24445333040731
        ],
        "distance": 1335.6741125313679
      }
    ]
  }
}