{
  "all_cells": [
    "89283082803ffff",
    "892a1072893ffff",
    "8929a1d7577ffff",
    "892664c1a8fffff",
    "8944a112847ffff"
  ],
  "distribution": {
    "total_cells": 5,
    "resolutions": {
      "9": 5
    },
    "pentagons": 0,
    "class_iii_cells": 5,
    "total_area_km2": 0.5328584235856128,
    "avg_area_km2": 0.10657168471712256
  },
  "statistics": {
    "centroid": [
      36.03507458011801,
      -96.49819367488517
    ],
    "total_area_km2": 0.5328584235856128,
    "total_perimeter_km": 6.0235844400000005,
    "compactness": 0.1845489990913861
  },
  "resolution_analysis": {
    "resolution_counts": {
      "9": 5
    },
    "min_resolution": 9,
    "max_resolution": 9,
    "avg_resolution": 9.0,
    "resolution_std": 0.0
  },
  "results": {
    "status": "completed",
    "distribution": {
      "total_cells": 5,
      "resolutions": {
        "9": 5
      },
      "pentagons": 0,
      "class_iii_cells": 5,
      "total_area_km2": 0.5328584235856128,
      "avg_area_km2": 0.10657168471712256
    },
    "statistics": {
      "centroid": [
        36.03507458011801,
        -96.49819367488517
      ],
      "total_area_km2": 0.5328584235856128,
      "total_perimeter_km": 6.0235844400000005,
      "compactness": 0.1845489990913861
    },
    "resolution_analysis": {
      "resolution_counts": {
        "9": 5
      },
      "min_resolution": 9,
      "max_resolution": 9,
      "avg_resolution": 9.0,
      "resolution_std": 0.0
    }
  }
}