{
  "minimization_dynamics": {
    "total_reduction": -0.4866084292316155,
    "reduction_rate": 0.013250988127190694,
    "efficiency": -0.012165210730790387,
    "monotonicity": 0.05128205128205128,
    "minimization_quality": "Poor - Increasing free energy"
  },
  "convergence_analysis": {
    "is_converging": true,
    "convergence_rate": 4.1723588760052146e-05,
    "final_stability": 0.9999731788495652,
    "convergence_quality": "weak"
  },
  "stability_assessment": {
    "variance": 0.02613581578120745,
    "coefficient_of_variation": 0.45655125362774823,
    "large_jumps": 1,
    "stability_score": 0.6632676105606056,
    "stability_rating": "Stable"
  },
  "anomaly_detection": {
    "outliers": [],
    "spikes": [
      17
    ],
    "flat_periods": [],
    "anomaly_score": 0.025
  },
  "efficiency_metrics": {
    "efficiency_per_step": -0.012477139211067065,
    "final_efficiency": -0.012165210730790387,
    "actual_vs_theoretical": 166.6330020605977,
    "efficiency_rating": "Inefficient"
  }
}