{
  "belief_dynamics": {
    "belief_change_magnitude": {
      "mean": 0.018029504329782103,
      "std": 0.015911819015102142,
      "max": 0.0667180981721553
    },
    "entropy_dynamics": {
      "initial": 1.5752704913319882,
      "final": 1.1171280523356548,
      "mean": 1.2760503273931587,
      "trend": -0.012475821738823622
    },
    "stability_by_state": [
      0.015903703527013632,
      0.003949272921660698,
      0.009256300496465215,
      0.009312871571356435,
      0.003947929831449235
    ],
    "state_switches": 3,
    "switch_rate": 0.075
  },
  "observation_response": {
    "responsiveness": {
      "mean": 0.14059864017472382,
      "std": 0.1637460647242862,
      "distribution": [
        0.3147320525671208,
        0.08943148930067882,
        0.07498607565081086,
        0.21121438363140113,
        0.30238494217697937,
        0.5169670231621712,
        0.2575077200156886,
        0.8953032800702083,
        0.20121127555685678,
        0.174374023271884,
        0.10623588192546257,
        0.10326295621956397,
        0.13605955345990223,
        0.12109620453116461,
        0.06978332427258649,
        0.04359287210391501,
        0.021846632388851612,
        0.0859704747845959,
        0.04930300904277625,
        0.015499956317451966,
        0.038221947291547216,
        0.09395942534119557,
        0.0837761451015684,
        0.05615561342510545,
        0.04468065582973437,
        0.029881182131782695,
        0.09103737859670481,
        0.017050353750458023,
        0.031982279781397824,
        0.031869851421928136,
        0.06838661379722934,
        0.07664099267255504,
        0.08809165693982174,
        0.08409083079791221,
        0.4159701412598094,
        0.14090723393717008,
        0.030935540329634525,
        0.12722572300554713,
        0.14172027095305567
      ]
    },
    "correlation_analysis": {
      "state_0_obs_0": 0.2841676333983878,
      "state_0_obs_1": -0.1699653041088997,
      "state_0_obs_2": -0.29767106279457184,
      "state_0_obs_3": 0.0651935814610371,
      "state_1_obs_0": -0.48859535654420166,
      "state_1_obs_1": 0.3163564316093574,
      "state_1_obs_2": 0.4542907087721352,
      "state_1_obs_3": -0.07006847994633404,
      "state_2_obs_0": -0.5226886275002172,
      "state_2_obs_1": 0.33263332065071755,
      "state_2_obs_2": 0.5145269735068262,
      "state_2_obs_3": -0.10396875399730651,
      "state_3_obs_0": 0.7597232904487653,
      "state_3_obs_1": -0.5051532088208085,
      "state_3_obs_2": -0.7031759906868831,
      "state_3_obs_3": 0.12235905012990111,
      "state_4_obs_0": -0.523630033067594,
      "state_4_obs_1": 0.3317740632360989,
      "state_4_obs_2": 0.515516213097547,
      "state_4_obs_3": -0.10230637187359255
    }
  },
  "perception_quality": {
    "is_flat": false,
    "randomness_score": 0.011159824270415841,
    "structure_score": 0.21302731643414835,
    "quality_rating": "Fair - Limited Structure"
  },
  "pattern_detection": {
    "oscillations": {
      "state_0": {
        "num_peaks": 3,
        "num_valleys": 1,
        "estimated_frequency": 0.16666666666666666,
        "amplitude": 0.08721951553129909
      },
      "state_1": {
        "num_peaks": 1,
        "num_valleys": 5,
        "estimated_frequency": 0.0,
        "amplitude": 0.01930838681503421
      },
      "state_2": {
        "num_peaks": 0,
        "num_valleys": 0,
        "estimated_frequency": 0.0,
        "amplitude": 0.06578502636866283
      },
      "state_3": {
        "num_peaks": 0,
        "num_valleys": 3,
        "estimated_frequency": 0.0,
        "amplitude": 0.04650136070313133
      },
      "state_4": {
        "num_peaks": 0,
        "num_valleys": 0,
        "estimated_frequency": 0.0,
        "amplitude": 0.031117498551540702
      }
    },
    "convergence": {
      "state_0": {
        "is_converging": true,
        "convergence_rate": 0.00011193442778463939,
        "final_variance": 0.0005507946058061501
      },
      "state_1": {
        "is_converging": true,
        "convergence_rate": 3.121343501004257e-06,
        "final_variance": 6.21931636704578e-07
      },
      "state_2": {
        "is_converging": true,
        "convergence_rate": 6.262103552891866e-05,
        "final_variance": 1.140680681760007e-05
      },
      "state_3": {
        "is_converging": false,
        "convergence_rate": 1.7489852703847983e-05,
        "final_variance": 0.0008217490991851973
      },
      "state_4": {
        "is_converging": true,
        "convergence_rate": 1.3574020059152013e-05,
        "final_variance": 2.8765404776220048e-06
      }
    },
    "phase_transitions": {
      "num_transitions": 3,
      "transitions": [
        {
          "timestep": 1,
          "from_state": 2,
          "to_state": 0,
          "strength": 0.03462887869251846
        },
        {
          "timestep": 2,
          "from_state": 0,
          "to_state": 3,
          "strength": 0.004206094605771649
        },
        {
          "timestep": 3,
          "from_state": 3,
          "to_state": 0,
          "strength": 0.024116001854486535
        }
      ],
      "transition_rate": 0.075
    }
  },
  "surprise_analysis": {
    "surprise_statistics": {
      "mean": 1.609437862434102,
      "std": 2.5559253454202263e-16,
      "min": 1.6094378624341015,
      "max": 1.609437862434102
    },
    "surprise_trend": -1.582656369013149e-17,
    "high_surprise_events": 0
  }
}