{
  "belief_dynamics": {
    "belief_change_magnitude": {
      "mean": 0.010141262068517934,
      "std": 0.005619756215233357,
      "max": 0.02248155398276113
    },
    "entropy_dynamics": {
      "initial": 1.5562632573243462,
      "final": 1.4697686890750647,
      "mean": 1.4944808312666134,
      "trend": -0.0020132768890090617
    },
    "stability_by_state": [
      0.00835476725138896,
      0.0029825531841746467,
      0.001852053713999888,
      0.003600567363885087,
      0.0029351012363035673
    ],
    "state_switches": 2,
    "switch_rate": 0.05
  },
  "observation_response": {
    "responsiveness": {
      "mean": 0.09812961976881387,
      "std": 0.08533462394411176,
      "distribution": [
        0.10521299948275556,
        0.19090073994594153,
        0.2616893866621904,
        0.13038056087697797,
        0.1401409840251509,
        0.15426234072737283,
        0.17908130378501155,
        0.08912330367489114,
        0.06673752732903508,
        0.07499500448573658,
        0.041604055540483034,
        0.06507070699603343,
        0.062213227063467796,
        0.020515883803386755,
        0.016593152952894385,
        0.046561657534749876,
        0.01109869758874793,
        0.05239341396958858,
        0.052572984346491713,
        0.07804478847102994,
        0.02583170872936867,
        0.019661717191041487,
        0.06817680100183211,
        0.019699390085366652,
        0.050029875278051646,
        0.08220541669807693,
        0.14359073928496005,
        0.05240281109393336,
        0.13560630942137825,
        0.1921265533154667,
        0.019266386104479002,
        0.05819969331745897,
        0.1942335236518433,
        0.16968055964304316,
        0.012395933370733856,
        0.036700301228205126,
        0.4597180306694254,
        0.14193684018333674,
        0.10639986145380277
      ]
    },
    "correlation_analysis": {
      "state_0_obs_0": 0.16724889228494805,
      "state_0_obs_1": -0.21462706125131314,
      "state_0_obs_2": -0.09660856889904344,
      "state_0_obs_3": 0.17794772009273796,
      "state_1_obs_0": -0.7358107954801366,
      "state_1_obs_1": 0.6854776226808363,
      "state_1_obs_2": 0.474709300844368,
      "state_1_obs_3": -0.15095584425428932,
      "state_2_obs_0": -0.8140659555157038,
      "state_2_obs_1": 0.7523092465759071,
      "state_2_obs_2": 0.5218055488248585,
      "state_2_obs_3": -0.14477643427654735,
      "state_3_obs_0": 0.6592113362115701,
      "state_3_obs_1": -0.5385393014591972,
      "state_3_obs_2": -0.4440043750331567,
      "state_3_obs_3": -0.042485152940326135,
      "state_4_obs_0": 0.8590133369248569,
      "state_4_obs_1": -0.7650589152570769,
      "state_4_obs_2": -0.553896763157815,
      "state_4_obs_3": 0.078816321085226
    }
  },
  "perception_quality": {
    "is_flat": false,
    "randomness_score": 0.007548707530702359,
    "structure_score": 0.10366990366360047,
    "quality_rating": "Fair - Limited Structure"
  },
  "pattern_detection": {
    "oscillations": {
      "state_0": {
        "num_peaks": 6,
        "num_valleys": 1,
        "estimated_frequency": 0.2777777777777778,
        "amplitude": 0.04131303249483421
      },
      "state_1": {
        "num_peaks": 0,
        "num_valleys": 0,
        "estimated_frequency": 0.0,
        "amplitude": 0.028381038612802962
      },
      "state_2": {
        "num_peaks": 0,
        "num_valleys": 0,
        "estimated_frequency": 0.0,
        "amplitude": 0.03360078943235653
      },
      "state_3": {
        "num_peaks": 2,
        "num_valleys": 5,
        "estimated_frequency": 0.25,
        "amplitude": 0.019369811939011404
      },
      "state_4": {
        "num_peaks": 1,
        "num_valleys": 2,
        "estimated_frequency": 0.0,
        "amplitude": 0.033245088980376106
      }
    },
    "convergence": {
      "state_0": {
        "is_converging": true,
        "convergence_rate": 2.952438872497182e-05,
        "final_variance": 0.0003610713396742233
      },
      "state_1": {
        "is_converging": true,
        "convergence_rate": 9.195732762601418e-06,
        "final_variance": 7.624691814882892e-06
      },
      "state_2": {
        "is_converging": true,
        "convergence_rate": 5.850557640555294e-06,
        "final_variance": 3.7411141834707626e-05
      },
      "state_3": {
        "is_converging": false,
        "convergence_rate": 2.69821613369359e-06,
        "final_variance": 0.00017880389595435674
      },
      "state_4": {
        "is_converging": false,
        "convergence_rate": 5.438481631899045e-06,
        "final_variance": 0.00020704631912160055
      }
    },
    "phase_transitions": {
      "num_transitions": 2,
      "transitions": [
        {
          "timestep": 10,
          "from_state": 2,
          "to_state": 0,
          "strength": 0.007960857997967363
        },
        {
          "timestep": 38,
          "from_state": 0,
          "to_state": 4,
          "strength": 0.006950427639505485
        }
      ],
      "transition_rate": 0.05
    }
  },
  "surprise_analysis": {
    "surprise_statistics": {
      "mean": 1.609437862434102,
      "std": 2.696722356863272e-16,
      "min": 1.6094378624341015,
      "max": 1.609437862434102
    },
    "surprise_trend": -1.582656369013149e-17,
    "high_surprise_events": 0
  }
}