{
  "animation_generation_time": 0.1866910457611084,
  "gif_generation_time": 70.64227271080017,
  "total_animation_time": 70.82896375656128,
  "animations_created": 25,
  "gifs_created": 23
}