{
  "animation_generation_time": 0.3833644390106201,
  "gif_generation_time": 116.76127457618713,
  "total_animation_time": 117.14463901519775,
  "animations_created": 25,
  "gifs_created": 23
}