{
  "animation_generation_time": 0.3808774948120117,
  "gif_generation_time": 106.33468270301819,
  "total_animation_time": 106.7155601978302,
  "animations_created": 25,
  "gifs_created": 23
}