{
  "total_hexagons": 7749,
  "modules": {
    "zoning": {
      "total_cells": 7749,
      "cells_with_data": 2584,
      "min_score": 0.5,
      "max_score": 0.8,
      "mean_score": 0.0,
      "coverage_percentage": 33.346238224287006
    },
    "current_use": {
      "total_cells": 7749,
      "cells_with_data": 1551,
      "min_score": 0.30000000000000004,
      "max_score": 0.30000000000000004,
      "mean_score": 0.0,
      "coverage_percentage": 20.015485869144406
    },
    "ownership": {
      "total_cells": 7749,
      "cells_with_data": 594,
      "min_score": 0.19999999999999996,
      "max_score": 0.7,
      "mean_score": 0.0,
      "coverage_percentage": 7.665505226480835
    },
    "improvements": {
      "total_cells": 7749,
      "cells_with_data": 49,
      "min_score": 1.0,
      "max_score": 1.0,
      "mean_score": 0.0,
      "coverage_percentage": 0.6323396567299007
    }
  },
  "redevelopment_scores": {
    "min": 0.10800000000000001,
    "max": 0.53,
    "mean": 0.19626448574009553,
    "median": 0.10800000000000001,
    "std": 0.1352604773036544
  },
  "geographic_bounds": {
    "min_lat": 41.40003853011488,
    "max_lat": 41.99990355583556,
    "min_lng": -124.4999263135325,
    "max_lng": -123.50007695113847
  }
}