{
  "latlng_to_cell": {
    "total_time_seconds": 0.0023674964904785156,
    "average_time_microseconds": 2.3674964904785156,
    "operations_per_second": 422387.10976837866,
    "iterations": 1000
  },
  "cell_to_latlng": {
    "total_time_seconds": 0.001424551010131836,
    "average_time_microseconds": 1.424551010131836,
    "operations_per_second": 701975.5648535565,
    "iterations": 1000
  },
  "cell_to_boundary": {
    "total_time_seconds": 0.004118204116821289,
    "average_time_microseconds": 4.118204116821289,
    "operations_per_second": 242824.29224801713,
    "iterations": 1000
  },
  "cell_area": {
    "total_time_seconds": 0.00581812858581543,
    "average_time_microseconds": 5.81812858581543,
    "operations_per_second": 171876.572552555,
    "iterations": 1000
  },
  "grid_disk": {
    "total_time_seconds": 0.023353099822998047,
    "average_time_microseconds": 23.353099822998047,
    "operations_per_second": 42820.867789688615,
    "iterations": 1000
  },
  "grid_path_cells": {
    "total_time_seconds": 0.010849237442016602,
    "average_time_microseconds": 10.849237442016602,
    "operations_per_second": 92172.37666190529,
    "iterations": 1000
  }
}