{
  "latlng_to_cell": {
    "total_time_seconds": 0.002523183822631836,
    "average_time_microseconds": 2.523183822631836,
    "operations_per_second": 396324.6716432014,
    "iterations": 1000
  },
  "cell_to_latlng": {
    "total_time_seconds": 0.0014891624450683594,
    "average_time_microseconds": 1.4891624450683594,
    "operations_per_second": 671518.4117835414,
    "iterations": 1000
  },
  "cell_to_boundary": {
    "total_time_seconds": 0.004670381546020508,
    "average_time_microseconds": 4.670381546020508,
    "operations_per_second": 214115.26877329114,
    "iterations": 1000
  },
  "cell_area": {
    "total_time_seconds": 0.0061228275299072266,
    "average_time_microseconds": 6.122827529907227,
    "operations_per_second": 163323.2350765157,
    "iterations": 1000
  },
  "grid_disk": {
    "total_time_seconds": 0.020781755447387695,
    "average_time_microseconds": 20.781755447387695,
    "operations_per_second": 48119.1303849022,
    "iterations": 1000
  },
  "grid_path_cells": {
    "total_time_seconds": 0.009755373001098633,
    "average_time_microseconds": 9.755373001098633,
    "operations_per_second": 102507.61297260308,
    "iterations": 1000
  }
}